exit_app, 2026-05-02T18:44:14.541773Z
display_hub_fleet, 2026-05-02T18:44:41.667457Z
display_hub_fleet, 2026-05-02T18:44:45.295618Z
display_orders_from_hub, 2026-05-02T18:44:57.316814Z
exit_app, 2026-05-02T18:45:09.261935Z
display_orders_from_hub, 2026-05-02T18:45:19.654602Z
display_orders_from_hub, 2026-05-02T18:45:21.889175Z
pickup_uncollected_orders, 2026-05-02T18:45:31.613486Z
display_uncollected_orders, 2026-05-02T18:45:35.618568Z
display_delivered_orders, 2026-05-02T18:45:39.958901Z
deliver_orders, 2026-05-02T18:45:49.824242Z
display_nearby_hubs_for_city, 2026-05-02T18:46:01.662648Z
exit_app, 2026-05-02T18:46:09.519599Z
display_hub_fleet, 2026-05-03T13:27:36.592Z
display_hub_fleet, 2026-05-03T13:27:39.318944Z
create_drone_hub, 2026-05-03T13:27:47.583564Z
display_hub_fleet, 2026-05-03T13:28:24.015890Z
exit_app, 2026-05-03T13:28:54.105422Z
move_drone_from_one_hub_to_another, 2026-05-03T13:33:06.465475Z
display_hub_fleet, 2026-05-03T13:33:28.545503Z
display_hub_fleet, 2026-05-03T13:33:32.567254Z
exit_app, 2026-05-03T13:33:35.668528Z
display_hub_fleet, 2026-05-14T16:28:25.982421Z
pickup_uncollected_orders, 2026-05-14T18:08:41.580025Z
pickup_uncollected_orders, 2026-05-14T18:10:19.750383Z
deliver_orders, 2026-05-14T18:10:33.649617Z
display_available_drones_from_hub, 2026-05-14T18:10:41.355573Z
display_uncollected_orders, 2026-05-14T18:10:50.882979Z
pickup_uncollected_orders, 2026-05-14T18:11:03.343309Z
display_uncollected_orders, 2026-05-14T18:11:11.812953Z
exit_app, 2026-05-14T18:11:18.616457Z
display_hub_fleet, 2026-05-14T18:15:14.008956Z
display_hub_fleet, 2026-05-14T18:15:17.901412Z
exit_app, 2026-05-14T18:15:29.737157Z
display_hub_fleet, 2026-05-14T18:23:35.915535Z
display_hub_fleet, 2026-05-14T18:23:41.426014Z
pickup_uncollected_orders, 2026-05-14T18:23:49.429567Z
deliver_orders, 2026-05-14T18:24:51.139423Z
pickup_uncollected_orders, 2026-05-14T18:25:07.798542Z
display_uncollected_orders, 2026-05-14T18:25:15.814862Z
display_hub_crew, 2026-05-14T18:25:30.303554Z
display_hub_crew, 2026-05-14T18:25:34.829833Z
exit_app, 2026-05-14T18:26:07.224039Z
